,0
CNT_CHILDREN,0.0
AMT_INCOME_TOTAL,144000.0
AMT_CREDIT,508495.5
AMT_ANNUITY,25105.5
REGION_POPULATION_RELATIVE,0.018801
DAYS_REGISTRATION,-4338.0
DAYS_ID_PUBLISH,-3092.0
OWN_CAR_AGE,-1.0
CNT_FAM_MEMBERS,2.0
REGION_RATING_CLIENT,2.0
HOUR_APPR_PROCESS_START,12.0
REG_REGION_NOT_LIVE_REGION,0.0
REG_REGION_NOT_WORK_REGION,0.0
LIVE_REGION_NOT_WORK_REGION,0.0
REG_CITY_NOT_LIVE_CITY,0.0
REG_CITY_NOT_WORK_CITY,0.0
LIVE_CITY_NOT_WORK_CITY,0.0
EXT_SOURCE_1,0.4770463665
EXT_SOURCE_2,0.5314387380000001
EXT_SOURCE_3,0.483050188
OBS_30_CNT_SOCIAL_CIRCLE,0.0
DEF_30_CNT_SOCIAL_CIRCLE,0.0
DEF_60_CNT_SOCIAL_CIRCLE,0.0
AMT_REQ_CREDIT_BUREAU_HOUR,0.0
AMT_REQ_CREDIT_BUREAU_DAY,0.0
AMT_REQ_CREDIT_BUREAU_WEEK,0.0
AMT_REQ_CREDIT_BUREAU_MON,0.0
AMT_REQ_CREDIT_BUREAU_QRT,0.0
AMT_REQ_CREDIT_BUREAU_YEAR,1.0
TOTAL_DOCS,1.0
INCOME_CREDIT_RATIO,0.30671674699999996
ANNUITY_INCOME_RATIO,0.16587478249999998
CREDIT_GOODS_RATIO,1.11880198
AGE_YEARS,41.634246575
EMPLOYMENT_YEARS,3.136986301
PHONE_CHANGE_YEARS,1.926027397
EXT_SOURCE_SUM,1.0405426155000002
TOTAL_BUREAU_REQUESTS,2.0
EXT_SOURCE_MEAN,0.48362121049999995
MONTHS_BALANCE_MAX,-8.0
MONTHS_BALANCE_MIN,-21.0
CNT_INSTALMENT_MEAN,11.0
SK_DPD_MAX,0.0
SK_DPD_DEF_MAX,0.0
SERIOUS_LATE_MEAN,0.0
SK_ID_PREV_NUNIQUE,4.0
AMT_APPLICATION_MEAN,98242.70625
AMT_CREDIT_MAX,206469.0
AMT_ANNUITY_MEAN,11254.874065
CNT_PAYMENT_MEAN,12.0
DAYS_DECISION_MAX,-271.0
APPROVED_MEAN,0.75
REFUSED_MEAN,0.0
APP_CREDIT_RATIO_MEAN,0.958696626
ANNUITY_CREDIT_RATIO_MEAN,0.067955031
SK_ID_PREV_NUNIQUE1,0.0
AMT_BALANCE_MEAN,0.0
AMT_CREDIT_LIMIT_ACTUAL_MEAN,0.0
AMT_DRAWINGS_CURRENT_SUM,0.0
UTILIZATION_MEAN,0.0
UTILIZATION_MAX,0.0
PAYMENT_RATIO_MEAN,0.0
DRAWING_RATIO_MEAN,0.0
SK_ID_BUREAU_NUNIQUE,4.0
DAYS_CREDIT_MEAN,-842.6969697
DAYS_CREDIT_MIN,-1412.0
DAYS_CREDIT_MAX,-212.0
CREDIT_DAY_OVERDUE_MEAN,0.0
CREDIT_DAY_OVERDUE_MAX,0.0
AMT_CREDIT_SUM_MEAN,156000.0
AMT_CREDIT_SUM_SUM,675000.0
AMT_CREDIT_SUM_DEBT_MEAN,23598.147855
AMT_CREDIT_SUM_DEBT_SUM,104269.005
AMT_CREDIT_SUM_OVERDUE_SUM,0.0
CNT_CREDIT_PROLONG_SUM,0.0
DEBT_RATIO_MEAN,0.1219067915
HAS_OVERDUE_MEAN,0.0
IS_ACTIVE_MEAN,0.333333333
BB_LATE_MEAN,0.0
BB_SEVERE_LATE_MEAN,0.0
BB_CLOSED_MEAN,0.0
NUM_INSTALMENT_VERSION_NUNIQUE,2.0
NUM_INSTALMENT_NUMBER_MAX,12.0
PAYMENT_DELAY_MEAN,-8.8226073585
PAYMENT_DELAY_MAX,1.0
LATE_PAYMENT_MEAN,0.021276596
PAYMENT_DIFF_MEAN,0.0
PAYMENT_DIFF_SUM,0.0
AMT_INSTALMENT_MEAN,11630.8325
AMT_PAYMENT_SUM,272796.1875
EXT_SOURCE_STD,0.1000316594525959
DEBT_TO_INCOME,0.7238739856646478
CREDIT_OVERDUE_RATIO,0.0
TOTAL_DEBT_BURDEN,0.1988455732172986
PAYMENT_COMPLETION_RATE,21.99936842392896
DELAY_TO_CREDIT_RATIO,-0.6255594688604599
SOCIAL_CIRCLE_DEFAULT_RATE,0.0
DRAWING_TO_PAYMENT,0.0
RECENTLY_CHANGED_PHONE,0.0
HAS_CAR_AND_REALTY,0.0
NAME_CONTRACT_TYPE_Cashloans,1.0
NAME_CONTRACT_TYPE_Revolvingloans,0.0
CODE_GENDER_F,1.0
CODE_GENDER_M,0.0
CODE_GENDER_XNA,0.0
FLAG_OWN_CAR_N,1.0
FLAG_OWN_CAR_Y,0.0
FLAG_OWN_REALTY_N,0.0
FLAG_OWN_REALTY_Y,1.0
NAME_TYPE_SUITE_Children,0.0
NAME_TYPE_SUITE_Family,0.0
NAME_TYPE_SUITE_Groupofpeople,0.0
NAME_TYPE_SUITE_Other_A,0.0
NAME_TYPE_SUITE_Other_B,0.0
NAME_TYPE_SUITE_Spousepartner,0.0
NAME_TYPE_SUITE_Unaccompanied,1.0
NAME_TYPE_SUITE_Unknown,0.0
NAME_INCOME_TYPE_Businessman,0.0
NAME_INCOME_TYPE_Commercialassociate,0.0
NAME_INCOME_TYPE_Maternityleave,0.0
NAME_INCOME_TYPE_Pensioner,0.0
NAME_INCOME_TYPE_Stateservant,0.0
NAME_INCOME_TYPE_Student,0.0
NAME_INCOME_TYPE_Unemployed,0.0
NAME_INCOME_TYPE_Working,1.0
NAME_EDUCATION_TYPE_Academicdegree,0.0
NAME_EDUCATION_TYPE_Highereducation,0.0
NAME_EDUCATION_TYPE_Incompletehigher,0.0
NAME_EDUCATION_TYPE_Lowersecondary,0.0
NAME_EDUCATION_TYPE_Secondarysecondaryspecial,1.0
NAME_FAMILY_STATUS_Civilmarriage,0.0
NAME_FAMILY_STATUS_Married,1.0
NAME_FAMILY_STATUS_Separated,0.0
NAME_FAMILY_STATUS_Singlenotmarried,0.0
NAME_FAMILY_STATUS_Unknown,0.0
NAME_FAMILY_STATUS_Widow,0.0
NAME_HOUSING_TYPE_Coopapartment,0.0
NAME_HOUSING_TYPE_Houseapartment,1.0
NAME_HOUSING_TYPE_Municipalapartment,0.0
NAME_HOUSING_TYPE_Officeapartment,0.0
NAME_HOUSING_TYPE_Rentedapartment,0.0
NAME_HOUSING_TYPE_Withparents,0.0
OCCUPATION_TYPE_Accountants,0.0
OCCUPATION_TYPE_Cleaningstaff,0.0
OCCUPATION_TYPE_Cookingstaff,0.0
OCCUPATION_TYPE_Corestaff,0.0
OCCUPATION_TYPE_Drivers,0.0
OCCUPATION_TYPE_HRstaff,0.0
OCCUPATION_TYPE_Highskilltechstaff,0.0
OCCUPATION_TYPE_ITstaff,0.0
OCCUPATION_TYPE_Laborers,0.0
OCCUPATION_TYPE_LowskillLaborers,0.0
OCCUPATION_TYPE_Managers,0.0
OCCUPATION_TYPE_Medicinestaff,0.0
OCCUPATION_TYPE_Privateservicestaff,0.0
OCCUPATION_TYPE_Realtyagents,0.0
OCCUPATION_TYPE_Salesstaff,0.0
OCCUPATION_TYPE_Secretaries,0.0
OCCUPATION_TYPE_Securitystaff,0.0
OCCUPATION_TYPE_Unknown,0.0
OCCUPATION_TYPE_Waitersbarmenstaff,0.0
WEEKDAY_APPR_PROCESS_START_FRIDAY,0.0
WEEKDAY_APPR_PROCESS_START_MONDAY,0.0
WEEKDAY_APPR_PROCESS_START_SATURDAY,0.0
WEEKDAY_APPR_PROCESS_START_SUNDAY,0.0
WEEKDAY_APPR_PROCESS_START_THURSDAY,0.0
WEEKDAY_APPR_PROCESS_START_TUESDAY,0.0
WEEKDAY_APPR_PROCESS_START_WEDNESDAY,0.0
ORGANIZATION_TYPE_Advertising,0.0
ORGANIZATION_TYPE_Agriculture,0.0
ORGANIZATION_TYPE_Bank,0.0
ORGANIZATION_TYPE_BusinessEntityType1,0.0
ORGANIZATION_TYPE_BusinessEntityType2,0.0
ORGANIZATION_TYPE_BusinessEntityType3,0.0
ORGANIZATION_TYPE_Cleaning,0.0
ORGANIZATION_TYPE_Construction,0.0
ORGANIZATION_TYPE_Culture,0.0
ORGANIZATION_TYPE_Electricity,0.0
ORGANIZATION_TYPE_Emergency,0.0
ORGANIZATION_TYPE_Government,0.0
ORGANIZATION_TYPE_Hotel,0.0
ORGANIZATION_TYPE_Housing,0.0
ORGANIZATION_TYPE_Industrytype1,0.0
ORGANIZATION_TYPE_Industrytype10,0.0
ORGANIZATION_TYPE_Industrytype11,0.0
ORGANIZATION_TYPE_Industrytype12,0.0
ORGANIZATION_TYPE_Industrytype13,0.0
ORGANIZATION_TYPE_Industrytype2,0.0
ORGANIZATION_TYPE_Industrytype3,0.0
ORGANIZATION_TYPE_Industrytype4,0.0
ORGANIZATION_TYPE_Industrytype5,0.0
ORGANIZATION_TYPE_Industrytype6,0.0
ORGANIZATION_TYPE_Industrytype7,0.0
ORGANIZATION_TYPE_Industrytype8,0.0
ORGANIZATION_TYPE_Industrytype9,0.0
ORGANIZATION_TYPE_Insurance,0.0
ORGANIZATION_TYPE_Kindergarten,0.0
ORGANIZATION_TYPE_LegalServices,0.0
ORGANIZATION_TYPE_Medicine,0.0
ORGANIZATION_TYPE_Military,0.0
ORGANIZATION_TYPE_Mobile,0.0
ORGANIZATION_TYPE_Other,0.0
ORGANIZATION_TYPE_Police,0.0
ORGANIZATION_TYPE_Postal,0.0
ORGANIZATION_TYPE_Realtor,0.0
ORGANIZATION_TYPE_Religion,0.0
ORGANIZATION_TYPE_Restaurant,0.0
ORGANIZATION_TYPE_School,0.0
ORGANIZATION_TYPE_Security,0.0
ORGANIZATION_TYPE_SecurityMinistries,0.0
ORGANIZATION_TYPE_Selfemployed,0.0
ORGANIZATION_TYPE_Services,0.0
ORGANIZATION_TYPE_Telecom,0.0
ORGANIZATION_TYPE_Tradetype1,0.0
ORGANIZATION_TYPE_Tradetype2,0.0
ORGANIZATION_TYPE_Tradetype3,0.0
ORGANIZATION_TYPE_Tradetype4,0.0
ORGANIZATION_TYPE_Tradetype5,0.0
ORGANIZATION_TYPE_Tradetype6,0.0
ORGANIZATION_TYPE_Tradetype7,0.0
ORGANIZATION_TYPE_Transporttype1,0.0
ORGANIZATION_TYPE_Transporttype2,0.0
ORGANIZATION_TYPE_Transporttype3,0.0
ORGANIZATION_TYPE_Transporttype4,0.0
ORGANIZATION_TYPE_University,0.0
ORGANIZATION_TYPE_XNA,0.0
